<?xml version='1.0' encoding='UTF-8'?>
<dfxml xmloutputversion='1.0'>
  <metadata 
  xmlns='http://afflib.org/tcpflow/' 
  xmlns:xsi='http://www.w3.org/2001/XMLSchema-instance' 
  xmlns:dc='http://purl.org/dc/elements/1.1/'>
    <dc:type>Feature Extraction</dc:type>
  </metadata>
  <creator version='1.0'>
    <program>TCPFLOW</program>
    <version>1.4.5</version>
    <build_environment>
      <compiler>5.2.1 (5.2.1 20151022)</compiler>
      <CPPFLAGS>-pthread -I/usr/local/include -I/usr/local/include -D_FORTIFY_SOURCE=2 -DUTC_OFFSET=+0000 </CPPFLAGS>
      <CFLAGS>-g   -pthread -g -O3 -fstack-protector-strong -Wformat -Werror=format-security -MD -Wpointer-arith -Wmissing-declarations -Wmissing-prototypes -Wshadow -Wwrite-strings -Wcast-align -Waggregate-return -Wbad-function-cast -Wcast-qual -Wundef -Wredundant-decls -Wdisabled-optimization -Wfloat-equal -Wmultichar -Wc++-compat -Wmissing-noreturn -Wall -Wstrict-prototypes -MD -D_FORTIFY_SOURCE=2 -Wpointer-arith -Wmissing-declarations -Wmissing-prototypes -Wshadow -Wwrite-strings -Wcast-align -Waggregate-return -Wbad-function-cast -Wcast-qual -Wundef -Wredundant-decls -Wdisabled-optimization -Wfloat-equal -Wmultichar -Wc++-compat -Wmissing-noreturn -Wall -Wstrict-prototypes</CFLAGS>
      <CXXFLAGS>-g -pthread -g -O3 -fstack-protector-strong -Wformat -Werror=format-security -Wall -MD -D_FORTIFY_SOURCE=2 -Wpointer-arith -Wshadow -Wwrite-strings -Wcast-align -Wredundant-decls -Wdisabled-optimization -Wfloat-equal -Wmultichar -Wmissing-noreturn -Woverloaded-virtual -Wsign-promo -funit-at-a-time -Weffc++ -std=c++11 -Wall -MD -D_FORTIFY_SOURCE=2 -Wpointer-arith -Wshadow -Wwrite-strings -Wcast-align -Wredundant-decls -Wdisabled-optimization -Wfloat-equal -Wmultichar -Wmissing-noreturn -Woverloaded-virtual -Wsign-promo -funit-at-a-time -Wstrict-null-sentinel -Weffc++ </CXXFLAGS>
      <LDFLAGS>-L/usr/local/lib -L/usr/local/lib -Wl,-Bsymbolic-functions -Wl,-z,relro</LDFLAGS>
      <LIBS>-lpcap -lcairo -lfontconfig -lfreetype -lpixman-1 -lexpat  -lssl -lcrypto -lssl -lcrypto -ldl -lz </LIBS>
      <compilation_date>2015-10-24T03:49:33</compilation_date>
      <library name="boost" version="105800"/>
    </build_environment>
    <execution_environment>
      <os_sysname>Linux</os_sysname>
      <os_release>4.13.0-32-generic</os_release>
      <os_version>#35~16.04.1-Ubuntu SMP Thu Jan 25 10:13:43 UTC 2018</os_version>
      <host>zatopek-Inspiron-13-5378</host>
      <arch>x86_64</arch>
      <command_line>tcpflow -p -c -i lo port 443</command_line>
      <uid>0</uid>
      <start_time>2018-02-25T15:14:00Z</start_time>
    </execution_environment>
  </creator>
  <configuration>
  </configuration>
  <tdelta>0</tdelta>
